model_choice,feature_choice,reducer_choice,n_components,y_scale,train_rmse,val_rmse,test_rmse,s_kl,s_rmlse,t_kl,t_rmlse,model_path
dense_cnn,all,pca,10,origin,14.6860870413,14.0885428456,11.3136544799,0.127896253091,0.811178787156,0.0929560187377,0.678027615324,./logs/ba6c133e-318a-11e8-9dc0-d094662bd47d/best_model_4_8.h5
dense_cnn,all,fa,2,origin,12.8108791922,12.318056931900001,11.2566286999,0.102263341286,0.780552313779,0.0973417423791,0.7583163502500001,./logs/ba6c133e-318a-11e8-9dc0-d094662bd47d/best_model_1_4.h5
dense_cnn,all,pca,6,origin,13.805338926800001,13.3485222632,11.5980319134,0.11441015292199999,0.7347614151,0.0980223426793,0.7019779938609999,./logs/ba6c133e-318a-11e8-9dc0-d094662bd47d/best_model_2_10.h5
dense_cnn,all,pca,14,origin,12.938068106900001,12.461533982799999,11.627592355,0.102435717623,0.7123964259350001,0.09881243654239999,0.7333690635500001,./logs/ba6c133e-318a-11e8-9dc0-d094662bd47d/best_model_6_6.h5
dense_cnn,all,pca,2,origin,13.548426924100001,12.731077128099999,11.6213076375,0.109960200382,0.750296494181,0.100298784896,0.732791891022,./logs/9bdcdf54-316a-11e8-8880-d094662bd47d/best_model_0_28.h5
dense_cnn,all,fa,6,origin,14.697141007,13.977269472,11.619773339000002,0.149112037838,0.927541342057,0.103388516887,0.740798325622,./logs/ba6c133e-318a-11e8-9dc0-d094662bd47d/best_model_3_0.h5
dense_cnn,all,fa,10,origin,14.9015823406,14.4828930214,11.944229999700001,0.139808895548,0.782435148978,0.103987859102,0.731189857236,./logs/ba6c133e-318a-11e8-9dc0-d094662bd47d/best_model_5_13.h5
dense_cnn,all,pca,2,origin,13.769445100699999,12.9018826525,11.503477961199998,0.123259165338,0.7578205377889999,0.107179860288,0.709641817701,./logs/ba6c133e-318a-11e8-9dc0-d094662bd47d/best_model_0_22.h5
