model_choice,feature_choice,reducer_choice,n_components,y_scale,train_rmse,val_rmse,test_rmse,s_kl,s_rmlse,t_kl,t_rmlse,model_path
cnn,all,fa,2,origin,12.838527902200001,12.475767856,11.198685107100001,0.0989271737675,0.6975444476389999,0.0996033227366,0.707623596508,./logs/e4d85e10-319a-11e8-9996-6a00022fd770/best_model_0_0.h5
cnn,all,fa,2,origin,14.1433212333,13.6788479777,11.7300546944,0.11865203990999998,0.753054854639,0.10085469456900001,0.729033437479,./logs/3550fef6-31a0-11e8-8e7b-6a00022fd770/best_model_0_0.h5
cnn,all,fa,20,origin,12.8835342115,12.354480116600001,13.126517890499999,0.0827137378173,0.666548675949,0.12253159694299999,0.816203461251,./logs/abb75a28-316b-11e8-a73a-6a00022fd770/best_model_1_0.h5
cnn,all,all,-1,origin,13.1343496752,13.021563045999999,13.0113895155,0.08352399821630001,0.699169290704,0.124547411521,0.820890218074,./logs/abb75a28-316b-11e8-a73a-6a00022fd770/best_model_2_0.h5
cnn,all,fa,10,origin,13.636241461600001,13.412913460899999,12.8578238243,0.101541932324,0.730637490396,0.126902061253,0.8404584990430001,./logs/abb75a28-316b-11e8-a73a-6a00022fd770/best_model_0_0.h5
cnn,all,fa,2,origin,13.627867345,13.359160463699999,10.2530062405,0.109173076526,0.706685390859,0.127986451859,3.92499147367,./logs/88693a14-319a-11e8-8db3-6a00022fd770/best_model_0_0.h5
cnn,all,fa,2,origin,15.7018459183,15.1533767055,11.284476586199998,0.17322722471299998,0.829565814112,0.151965185912,4.00624846518,./logs/903454f6-317a-11e8-85b0-6a00022fd770/best_model_0_0.h5
cnn,all,all,-1,origin,11.726288421400001,11.6614553405,11.78463691,0.07641346172989999,0.658413777953,0.166547989567,4.0520785314099985,./logs/903454f6-317a-11e8-85b0-6a00022fd770/best_model_1_0.h5
