model_choice,model_path,n_components,reducer_choice,s_kl,s_rmlse,t_kl,t_rmlse,test_rmse,train_rmse,val_rmse
cnn,./logs\0320183630\best_model_0_0.h5,10,0,0.051831611680877764,0.5464337781205564,0.1411356784770452,0.8528400110033227,14.239616684355429,8.667958855121732,11.569915471512532
cnn,./logs\0320183724\best_model_0_0.h5,10,0,0.04832552578001738,0.5537711676577975,0.16329442765857927,0.9203196407704168,17.68618126579896,8.041200905843207,11.696431685332856
cnn,./logs\0320184047\best_model_0_0.h5,10,0,0.034042284008067775,0.4851260888323208,0.2163588238729657,1.0447389005687278,19.422191539374058,6.4516446100533225,11.761971032033346
cnn,./logs\0320184152\best_model_0_0.h5,10,0,0.09292349098983248,0.6622131851595061,0.1330861650293552,0.8162238969462697,13.371704038810261,14.566081804129325,14.998932997090368
