model_choice,feature_choice,reducer_choice,n_components,y_scale,train_rmse,val_rmse,test_rmse,s_kl,s_rmlse,t_kl,t_rmlse,model_path
cnn,all,all,-1,origin,9.86850911113,9.42772054584,14.2316619276,0.0626269305637,0.593793717891,0.160704726581,0.84913117121,./logs/e6d779d8-4088-11e8-9c94-a45e60d0b2df/model_1_0.h5
cnn,all,fa,18,origin,11.3393554827,11.4945676176,15.9596203173,0.08082157854389999,0.6747194843340001,0.17659852797699999,0.8519246191040001,./logs/b6e85418-4088-11e8-b1e2-a45e60d0b2df/model_0_0.h5
cnn,all,all,-1,origin,9.57992486488,9.8314231983,15.0320352921,0.0689108544941,0.620922384601,0.184088524437,0.932335104684,./logs/070be482-4089-11e8-8151-a45e60d0b2df/model_1_0.h5
cnn,all,fa,18,origin,11.138476821800001,11.3566187503,16.7811039049,0.0812969402619,0.662644044811,0.216117361957,0.970092406976,./logs/070be482-4089-11e8-8151-a45e60d0b2df/model_0_0.h5
cnn,all,fa,18,origin,15.0351113158,13.3701157827,20.1181296736,0.145780928472,0.913094827654,0.270143987702,1.06367678696,./logs/e6d779d8-4088-11e8-9c94-a45e60d0b2df/model_0_0.h5
