model_choice,feature_choice,reducer_choice,n_components,y_scale,train_rmse,val_rmse,test_rmse,s_kl,s_rmlse,t_kl,t_rmlse,model_path
cnn,poi,all,-1,origin,14.404446229500001,15.4347823335,15.845802123199999,0.169135833692,0.8934638088519999,0.131899017103,0.7727744488539999,./logs/96c1bfda-3160-11e8-ab62-6a00022fd770.h5/best_model_2_0.h5
cnn,poi,fa,10,origin,13.732684987799999,14.876806231400002,15.0144356733,0.175992662429,0.894249812556,0.133928892153,0.768902086779,./logs/3544b1e6-3164-11e8-8dec-6a00022fd770/best_model_0_0.h5
cnn,poi,all,-1,origin,11.9762360239,12.830831958900001,15.2117204249,0.145608596177,0.858380977727,0.13692797639,0.797849205555,./logs/f89d7194-3166-11e8-96e4-6a00022fd770/best_model_2_0.h5
cnn,poi,all,-1,origin,12.779232316600002,13.579525496199999,14.2738539616,0.15095857487,0.868433593187,0.144079835697,0.820217229025,./logs/16bf4af4-3166-11e8-8635-6a00022fd770/best_model_2_0.h5
cnn,poi,all,-1,origin,12.493864609100001,13.339183486600001,14.1957779922,0.150520914351,0.845373723221,0.144251286442,0.8319419134460001,./logs/3544b1e6-3164-11e8-8dec-6a00022fd770/best_model_2_0.h5
cnn,poi,fa,10,origin,12.824781423900001,13.8862511745,15.1230618352,0.159135497369,0.914559699447,0.14654086840999994,0.829127905153,./logs/f89d7194-3166-11e8-96e4-6a00022fd770/best_model_0_0.h5
cnn,poi,fa,10,origin,14.4849537396,15.5505337622,17.2669682665,0.171417388469,0.922310048126,0.163406426989,0.8315557356209999,./logs/96c1bfda-3160-11e8-ab62-6a00022fd770.h5/best_model_0_0.h5
cnn,poi,fa,10,origin,14.6555595578,15.789353366199999,19.4341595894,0.211179129425,0.898417189497,0.217971543697,0.866394072526,./logs/16bf4af4-3166-11e8-8635-6a00022fd770/best_model_0_0.h5
