model_choice,feature_choice,reducer_choice,n_components,y_scale,train_rmse,val_rmse,test_rmse,s_kl,s_rmlse,t_kl,t_rmlse,model_path
cnn,all,all,-1,origin,8.93574933505,9.61963661417,10.682159811,0.07071551606389999,0.605491481475,0.137982789529,3.83613921862,./logs/60b7ea1e-3185-11e8-b8b5-6a00022fd770/best_model_1_0.h5
cnn,all,fa,30,origin,10.951926500799999,11.4152308381,12.8762440117,0.0904671535778,0.6540177162740001,0.154421044029,3.89885080303,./logs/60b7ea1e-3185-11e8-b8b5-6a00022fd770/best_model_0_0.h5
cnn,all,all,-1,origin,8.17085324816,8.558149379380001,12.8460068724,0.171842993715,4.11647966959,0.20084376052900002,1.13660856832,./logs/229a8936-3186-11e8-b043-6a00022fd770/best_model_1_0.h5
cnn,all,fa,30,origin,10.2398419172,11.034100168800002,15.229552741700001,0.205350522818,4.1986144889,0.201349736433,1.10709706857,./logs/229a8936-3186-11e8-b043-6a00022fd770/best_model_0_0.h5
