model_choice,feature_choice,reducer_choice,n_components,y_scale,train_rmse,val_rmse,test_rmse,s_kl,s_rmlse,t_kl,t_rmlse,model_path
cnn,all,pca,2,origin,11.780290433,12.3502110023,13.382413023699998,0.126355297443,0.792427655402,0.10739161242699999,0.7323092827519999,./logs/b4cf56fe-3188-11e8-86b8-6a00022fd770/best_model_0_0.h5
cnn,all,pca,2,origin,9.54938785233,9.53420436973,13.4039396853,0.19909908151500005,4.31292239764,0.119079318562,0.7651358389749999,./logs/9092b3f8-3188-11e8-a2f2-6a00022fd770/best_model_0_0.h5
cnn,all,all,-1,origin,9.90515634358,10.6148798093,14.844151652699999,0.08033847860889999,0.64431280615,0.122251210129,0.766887290934,./logs/b4cf56fe-3188-11e8-86b8-6a00022fd770/best_model_1_0.h5
cnn,all,pca,2,origin,11.582978866800001,12.2238039854,13.400572428499999,0.122996954276,0.786766749182,0.134747980592,2.24644841463,./logs/4ed4806c-3189-11e8-9737-6a00022fd770/best_model_0_0.h5
cnn,all,all,-1,origin,10.5087653181,11.051913981099998,15.1863881488,0.0869987794114,0.6585971611770001,0.15700168872099998,2.2616492216,./logs/4ed4806c-3189-11e8-9737-6a00022fd770/best_model_1_0.h5
cnn,all,all,-1,origin,9.2008963213,9.89306197873,16.5011239486,0.17322801849599995,4.25809923856,0.16786652699700005,0.964061769241,./logs/9092b3f8-3188-11e8-a2f2-6a00022fd770/best_model_1_0.h5
