model_choice,feature_choice,reducer_choice,n_components,y_scale,train_rmse,val_rmse,test_rmse,s_kl,s_rmlse,t_kl,t_rmlse,model_path
dense_cnn,all,pca,14,origin,9.09235784266,10.1623089132,10.9490417179,0.0811849061143,0.67740905277,0.0899583971554,0.692946750713,./logs/ba6700ba-318a-11e8-8132-d094662bd47d/best_model_6_1.h5
dense_cnn,all,pca,6,origin,10.3142623812,11.172154745699999,11.1679432801,0.0993786961025,0.7238663390700001,0.090914426984,0.697436028859,./logs/ba6700ba-318a-11e8-8132-d094662bd47d/best_model_2_13.h5
dense_cnn,all,fa,10,origin,9.02153938475,10.1114279769,11.109934736400001,0.0763843130568,0.637352324993,0.092835551331,0.6777890695890001,./logs/ba6700ba-318a-11e8-8132-d094662bd47d/best_model_5_12.h5
dense_cnn,all,pca,2,origin,11.6030820503,12.245008021199999,11.3066167283,0.125108659477,0.798731714219,0.0938513377351,0.685614317679,./logs/62b54cf2-316a-11e8-94d8-d094662bd47d/best_model_0_13.h5
dense_cnn,all,pca,10,origin,10.415804859400001,10.5155019283,11.5004455483,0.09880402109719999,0.7002013388439999,0.09427068125739999,0.700286186436,./logs/ba6700ba-318a-11e8-8132-d094662bd47d/best_model_4_25.h5
dense_cnn,all,pca,2,origin,11.7892330501,12.6203399652,11.3082050958,0.129549053026,0.813486096943,0.09543560103910001,0.6934375768719999,./logs/ba6700ba-318a-11e8-8132-d094662bd47d/best_model_0_13.h5
dense_cnn,all,fa,2,origin,11.9686683171,12.575776641900001,11.9597030979,0.136376556957,0.7548951092990001,0.101503998963,0.702106139464,./logs/ba6700ba-318a-11e8-8132-d094662bd47d/best_model_1_13.h5
dense_cnn,all,fa,6,origin,10.5924231582,11.5188912962,12.013385595,0.0975233267389,0.70187890146,0.110131586881,0.800996673811,./logs/ba6700ba-318a-11e8-8132-d094662bd47d/best_model_3_13.h5
